-- phpMyAdmin SQL Dump
-- version 4.9.0.1
-- https://www.phpmyadmin.net/
--
-- Host: sql112.epizy.com
-- Generation Time: May 30, 2023 at 09:31 PM
-- Server version: 10.4.17-MariaDB
-- PHP Version: 7.2.22

SET SQL_MODE = "NO_AUTO_VALUE_ON_ZERO";
SET AUTOCOMMIT = 0;
START TRANSACTION;
SET time_zone = "+00:00";


/*!40101 SET @OLD_CHARACTER_SET_CLIENT=@@CHARACTER_SET_CLIENT */;
/*!40101 SET @OLD_CHARACTER_SET_RESULTS=@@CHARACTER_SET_RESULTS */;
/*!40101 SET @OLD_COLLATION_CONNECTION=@@COLLATION_CONNECTION */;
/*!40101 SET NAMES utf8mb4 */;

--
-- Database: `epiz_33989042_wp_guru`
--

-- --------------------------------------------------------

--
-- Table structure for table `tb_alternatif`
--

CREATE TABLE `tb_alternatif` (
  `kode_alternatif` varchar(16) NOT NULL,
  `nama_alternatif` varchar(256) DEFAULT NULL,
  `keterangan` text DEFAULT NULL
) ENGINE=MyISAM DEFAULT CHARSET=latin1;

--
-- Dumping data for table `tb_alternatif`
--

INSERT INTO `tb_alternatif` (`kode_alternatif`, `nama_alternatif`, `keterangan`) VALUES
('A01', 'Abdullah Margolang, S.Pd, S.Kom', 'Kepala Sekola'),
('A02', 'Chairul Marpaung, ST', 'Waka Dan BK'),
('A03', 'Lilis Sardi, S.Pd', 'Waka Kurikulum'),
('A04', 'Nuraini, S.Kom', 'Kaprog Dan Wali RPL XII'),
('A05', 'Ahmad Amrizal Lubis, S.Kom', 'Guru \r\n'),
('A06', 'Togi Pangihutan Gultom, M.pd', 'Guru'),
('A07', 'Ahmad Rojali, SE', 'Pengawas Piket'),
('A08', 'Indra Maulana, A.Md.Kom', 'Guru'),
('A09', 'Sri Kumala Sari, S.Pd', 'Wali RPL X I'),
('A10', 'Ade Herna Pasaribu, S.Pd', 'Wali RPL XI'),
('A11', 'Nuriati, S.Pd', 'Wali Kelas X 2'),
('A12', 'Dinda Fadillah Pane, S.pd', 'Guru'),
('A13', 'Anggi Ayu Assari, S.Pd', 'Ka. Tata Usaha'),
('A14', 'Hafizah Gani', 'Bendahara'),
('A15', 'Novia Anggraini, S.Pd', 'Guru Dan Oprator'),
('A16', 'Indra Sugianto, S.pd', 'Guru'),
('A17', 'Muliadi, S.pd', 'Guru'),
('A18', 'Zulkarnain Lubis, S.pd', 'Guru'),
('A19', 'Johan Nasution, S.pd', 'Guru'),
('A20', 'Puspita Sari Hasibuan, S.pd', 'Guru'),
('A21', 'Dede Ilhamsyah, S.pd', 'Guru');

-- --------------------------------------------------------

--
-- Table structure for table `tb_crips`
--

CREATE TABLE `tb_crips` (
  `kode_crips` int(11) NOT NULL,
  `kode_kriteria` varchar(16) DEFAULT NULL,
  `keterangan` varchar(256) DEFAULT NULL,
  `nilai` double DEFAULT NULL
) ENGINE=InnoDB DEFAULT CHARSET=latin1;

--
-- Dumping data for table `tb_crips`
--

INSERT INTO `tb_crips` (`kode_crips`, `kode_kriteria`, `keterangan`, `nilai`) VALUES
(505, 'K1', 'Sangat Menguasai', 5),
(506, 'K1', 'Menguasai', 4),
(507, 'K1', 'Cukup', 3),
(508, 'K1', 'Kurang Menguasai', 2),
(509, 'K1', 'Tidak Menguasai', 1),
(513, 'K2', 'Sangat Menguasai', 5),
(514, 'K2', 'Menguasai', 4),
(515, 'K2', 'Cukup', 3),
(516, 'K2', 'Kurang Menguasai', 2),
(517, 'K2', 'Tidak Menguasai', 1),
(518, 'K3', 'Sangat Sesuai', 5),
(519, 'K3', 'Sesuai', 4),
(520, 'K3', 'Cukup', 3),
(521, 'K3', 'Kurang Sesuai', 2),
(522, 'K3', 'Tidak Sesuai', 1),
(523, 'K4', 'Sangat Baik', 5),
(524, 'K4', 'Baik', 4),
(525, 'K4', 'Cukup', 3),
(526, 'K4', 'Kurang Baik', 2),
(527, 'K4', 'Tidak Baik', 1),
(528, 'K5', 'Sangat Berkembang', 5),
(529, 'K5', 'Berkembang', 4),
(530, 'K5', 'Cukup', 3),
(531, 'K5', 'Kurang Berkembang ', 2),
(532, 'K5', 'Tidak Berkembang', 1),
(533, 'K6', 'Sangat Baik', 5),
(534, 'K6', 'Baik', 4),
(535, 'K6', 'Cukup', 3),
(536, 'K6', 'Kurang Baik', 2),
(537, 'K6', 'Tidak Baik', 1);

-- --------------------------------------------------------

--
-- Table structure for table `tb_kriteria`
--

CREATE TABLE `tb_kriteria` (
  `kode_kriteria` varchar(16) NOT NULL,
  `nama_kriteria` varchar(256) DEFAULT NULL,
  `atribut` varchar(16) DEFAULT NULL,
  `bobot` double DEFAULT NULL
) ENGINE=MyISAM DEFAULT CHARSET=latin1;

--
-- Dumping data for table `tb_kriteria`
--

INSERT INTO `tb_kriteria` (`kode_kriteria`, `nama_kriteria`, `atribut`, `bobot`) VALUES
('K1', 'Menguasai karakteristik peserta didik', 'benefit', 5),
('K2', 'Menguasai teori belajar dan prinsip-prinsip pembelajaran yang mendidik', 'cost', 5),
('K3', 'Kesesuaian materi pembelajaran  sesuai dengan kurikulum', 'benefit', 4),
('K4', 'Kegiatan pembelajaran yang mendidik', 'cost', 4),
('K5', 'Pengembangan potensi peserta didik', 'benefit', 4),
('K6', 'Komunikasi dengan peserta didik', 'cost', 4);

-- --------------------------------------------------------

--
-- Table structure for table `tb_nilai`
--

CREATE TABLE `tb_nilai` (
  `ID` int(11) NOT NULL,
  `kode_alternatif` varchar(16) DEFAULT NULL,
  `kode_responden` varchar(16) DEFAULT NULL,
  `kode_kriteria` varchar(16) DEFAULT NULL,
  `kode_crips` int(11) DEFAULT NULL
) ENGINE=InnoDB DEFAULT CHARSET=utf8mb4;

--
-- Dumping data for table `tb_nilai`
--

INSERT INTO `tb_nilai` (`ID`, `kode_alternatif`, `kode_responden`, `kode_kriteria`, `kode_crips`) VALUES
(41, 'A01', 'A001', 'K1', 505),
(42, 'A01', 'A001', 'K2', 513),
(43, 'A01', 'A001', 'K3', 518),
(44, 'A01', 'A001', 'K4', 523),
(45, 'A01', 'A001', 'K5', 528),
(46, 'A01', 'A001', 'K6', 533),
(47, 'A02', 'A001', 'K1', 509),
(48, 'A02', 'A001', 'K2', 513),
(49, 'A02', 'A001', 'K3', 520),
(50, 'A02', 'A001', 'K4', 523),
(51, 'A02', 'A001', 'K5', 531),
(52, 'A02', 'A001', 'K6', 533),
(53, 'A05', 'A001', 'K1', 505),
(54, 'A05', 'A001', 'K2', 513),
(55, 'A05', 'A001', 'K3', 520),
(56, 'A05', 'A001', 'K4', 523),
(57, 'A05', 'A001', 'K5', 528),
(58, 'A05', 'A001', 'K6', 533),
(59, 'A04', 'A001', 'K1', 505),
(60, 'A04', 'A001', 'K2', 515),
(61, 'A04', 'A001', 'K3', 520),
(62, 'A04', 'A001', 'K4', 523),
(63, 'A04', 'A001', 'K5', 528),
(64, 'A04', 'A001', 'K6', 535),
(65, 'A01', 'A002', 'K1', 505),
(66, 'A01', 'A002', 'K2', 514),
(67, 'A01', 'A002', 'K3', 518),
(68, 'A01', 'A002', 'K4', 526),
(69, 'A01', 'A002', 'K5', 530),
(70, 'A01', 'A002', 'K6', 533),
(71, 'A04', 'A002', 'K1', 506),
(72, 'A04', 'A002', 'K2', 515),
(73, 'A04', 'A002', 'K3', 520),
(74, 'A04', 'A002', 'K4', 523),
(75, 'A04', 'A002', 'K5', 531),
(76, 'A04', 'A002', 'K6', 535),
(77, 'A01', 'A003', 'K1', 505),
(78, 'A01', 'A003', 'K2', 514),
(79, 'A01', 'A003', 'K3', 519),
(80, 'A01', 'A003', 'K4', 524),
(81, 'A01', 'A003', 'K5', 529),
(82, 'A01', 'A003', 'K6', 534),
(83, 'A07', 'A003', 'K1', 506),
(84, 'A07', 'A003', 'K2', 514),
(85, 'A07', 'A003', 'K3', 518),
(86, 'A07', 'A003', 'K4', 524),
(87, 'A07', 'A003', 'K5', 529),
(88, 'A07', 'A003', 'K6', 534),
(89, 'A10', 'A001', 'K1', 506),
(90, 'A10', 'A001', 'K2', 514),
(91, 'A10', 'A001', 'K3', 519),
(92, 'A10', 'A001', 'K4', 524),
(93, 'A10', 'A001', 'K5', 529),
(94, 'A10', 'A001', 'K6', 533),
(95, 'A02', 'A003', 'K1', 506),
(96, 'A02', 'A003', 'K2', 514),
(97, 'A02', 'A003', 'K3', 518),
(98, 'A02', 'A003', 'K4', 524),
(99, 'A02', 'A003', 'K5', 529),
(100, 'A02', 'A003', 'K6', 534),
(101, 'A08', 'A001', 'K1', 506),
(102, 'A08', 'A001', 'K2', 514),
(103, 'A08', 'A001', 'K3', 519),
(104, 'A08', 'A001', 'K4', 523),
(105, 'A08', 'A001', 'K5', 528),
(106, 'A08', 'A001', 'K6', 533),
(107, 'A03', 'A003', 'K1', 505),
(108, 'A03', 'A003', 'K2', 513),
(109, 'A03', 'A003', 'K3', 519),
(110, 'A03', 'A003', 'K4', 523),
(111, 'A03', 'A003', 'K5', 528),
(112, 'A03', 'A003', 'K6', 534),
(113, 'A06', 'A001', 'K1', 505),
(114, 'A06', 'A001', 'K2', 513),
(115, 'A06', 'A001', 'K3', 518),
(116, 'A06', 'A001', 'K4', 523),
(117, 'A06', 'A001', 'K5', 529),
(118, 'A06', 'A001', 'K6', 534),
(119, 'A09', 'A003', 'K1', 506),
(120, 'A09', 'A003', 'K2', 513),
(121, 'A09', 'A003', 'K3', 519),
(122, 'A09', 'A003', 'K4', 524),
(123, 'A09', 'A003', 'K5', 528),
(124, 'A09', 'A003', 'K6', 534),
(125, 'A07', 'A001', 'K1', 505),
(126, 'A07', 'A001', 'K2', 513),
(127, 'A07', 'A001', 'K3', 518),
(128, 'A07', 'A001', 'K4', 523),
(129, 'A07', 'A001', 'K5', 528),
(130, 'A07', 'A001', 'K6', 534),
(131, 'A09', 'A001', 'K1', 505),
(132, 'A09', 'A001', 'K2', 513),
(133, 'A09', 'A001', 'K3', 518),
(134, 'A09', 'A001', 'K4', 523),
(135, 'A09', 'A001', 'K5', 528),
(136, 'A09', 'A001', 'K6', 533),
(137, 'A04', 'A003', 'K1', 506),
(138, 'A04', 'A003', 'K2', 514),
(139, 'A04', 'A003', 'K3', 518),
(140, 'A04', 'A003', 'K4', 523),
(141, 'A04', 'A003', 'K5', 528),
(142, 'A04', 'A003', 'K6', 534),
(143, 'A10', 'A003', 'K1', 506),
(144, 'A10', 'A003', 'K2', 514),
(145, 'A10', 'A003', 'K3', 519),
(146, 'A10', 'A003', 'K4', 524),
(147, 'A10', 'A003', 'K5', 528),
(148, 'A10', 'A003', 'K6', 533),
(149, 'A08', 'A003', 'K1', 506),
(150, 'A08', 'A003', 'K2', 515),
(151, 'A08', 'A003', 'K3', 519),
(152, 'A08', 'A003', 'K4', 524),
(153, 'A08', 'A003', 'K5', 529),
(154, 'A08', 'A003', 'K6', 534),
(155, 'A11', 'A001', 'K1', 506),
(156, 'A11', 'A001', 'K2', 513),
(157, 'A11', 'A001', 'K3', 518),
(158, 'A11', 'A001', 'K4', 523),
(159, 'A11', 'A001', 'K5', 528),
(160, 'A11', 'A001', 'K6', 534),
(161, 'A12', 'A001', 'K1', 506),
(162, 'A12', 'A001', 'K2', 513),
(163, 'A12', 'A001', 'K3', 518),
(164, 'A12', 'A001', 'K4', 523),
(165, 'A12', 'A001', 'K5', 528),
(166, 'A12', 'A001', 'K6', 534),
(167, 'A11', 'A003', 'K1', 506),
(168, 'A11', 'A003', 'K2', 514),
(169, 'A11', 'A003', 'K3', 519),
(170, 'A11', 'A003', 'K4', 523),
(171, 'A11', 'A003', 'K5', 529),
(172, 'A11', 'A003', 'K6', 534),
(173, 'A13', 'A001', 'K1', 506),
(174, 'A13', 'A001', 'K2', 513),
(175, 'A13', 'A001', 'K3', 518),
(176, 'A13', 'A001', 'K4', 524),
(177, 'A13', 'A001', 'K5', 529),
(178, 'A13', 'A001', 'K6', 534),
(179, 'A12', 'A003', 'K1', 506),
(180, 'A12', 'A003', 'K2', 514),
(181, 'A12', 'A003', 'K3', 518),
(182, 'A12', 'A003', 'K4', 524),
(183, 'A12', 'A003', 'K5', 529),
(184, 'A12', 'A003', 'K6', 534),
(185, 'A14', 'A001', 'K1', 505),
(186, 'A14', 'A001', 'K2', 513),
(187, 'A14', 'A001', 'K3', 518),
(188, 'A14', 'A001', 'K4', 523),
(189, 'A14', 'A001', 'K5', 529),
(190, 'A14', 'A001', 'K6', 534),
(191, 'A15', 'A001', 'K1', 505),
(192, 'A15', 'A001', 'K2', 513),
(193, 'A15', 'A001', 'K3', 518),
(194, 'A15', 'A001', 'K4', 523),
(195, 'A15', 'A001', 'K5', 528),
(196, 'A15', 'A001', 'K6', 534),
(197, 'A13', 'A003', 'K1', 506),
(198, 'A13', 'A003', 'K2', 514),
(199, 'A13', 'A003', 'K3', 519),
(200, 'A13', 'A003', 'K4', 523),
(201, 'A13', 'A003', 'K5', 529),
(202, 'A13', 'A003', 'K6', 534),
(203, 'A16', 'A001', 'K1', 505),
(204, 'A16', 'A001', 'K2', 513),
(205, 'A16', 'A001', 'K3', 519),
(206, 'A16', 'A001', 'K4', 523),
(207, 'A16', 'A001', 'K5', 528),
(208, 'A16', 'A001', 'K6', 533),
(209, 'A14', 'A003', 'K1', 506),
(210, 'A14', 'A003', 'K2', 513),
(211, 'A14', 'A003', 'K3', 519),
(212, 'A14', 'A003', 'K4', 524),
(213, 'A14', 'A003', 'K5', 529),
(214, 'A14', 'A003', 'K6', 535),
(215, 'A17', 'A001', 'K1', 505),
(216, 'A17', 'A001', 'K2', 515),
(217, 'A17', 'A001', 'K3', 518),
(218, 'A17', 'A001', 'K4', 523),
(219, 'A17', 'A001', 'K5', 528),
(220, 'A17', 'A001', 'K6', 533),
(221, 'A18', 'A001', 'K1', 505),
(222, 'A18', 'A001', 'K2', 513),
(223, 'A18', 'A001', 'K3', 518),
(224, 'A18', 'A001', 'K4', 524),
(225, 'A18', 'A001', 'K5', 528),
(226, 'A18', 'A001', 'K6', 534),
(227, 'A15', 'A003', 'K1', 506),
(228, 'A15', 'A003', 'K2', 514),
(229, 'A15', 'A003', 'K3', 520),
(230, 'A15', 'A003', 'K4', 523),
(231, 'A15', 'A003', 'K5', 530),
(232, 'A15', 'A003', 'K6', 534),
(233, 'A19', 'A001', 'K1', 505),
(234, 'A19', 'A001', 'K2', 513),
(235, 'A19', 'A001', 'K3', 518),
(236, 'A19', 'A001', 'K4', 524),
(237, 'A19', 'A001', 'K5', 528),
(238, 'A19', 'A001', 'K6', 534),
(239, 'A16', 'A003', 'K1', 506),
(240, 'A16', 'A003', 'K2', 514),
(241, 'A16', 'A003', 'K3', 519),
(242, 'A16', 'A003', 'K4', 523),
(243, 'A16', 'A003', 'K5', 528),
(244, 'A16', 'A003', 'K6', 533),
(245, 'A20', 'A001', 'K1', 505),
(246, 'A20', 'A001', 'K2', 514),
(247, 'A20', 'A001', 'K3', 518),
(248, 'A20', 'A001', 'K4', 523),
(249, 'A20', 'A001', 'K5', 528),
(250, 'A20', 'A001', 'K6', 534),
(251, 'A17', 'A003', 'K1', 506),
(252, 'A17', 'A003', 'K2', 515),
(253, 'A17', 'A003', 'K3', 519),
(254, 'A17', 'A003', 'K4', 523),
(255, 'A17', 'A003', 'K5', 529),
(256, 'A17', 'A003', 'K6', 534),
(257, 'A03', 'A001', 'K1', 505),
(258, 'A03', 'A001', 'K2', 513),
(259, 'A03', 'A001', 'K3', 518),
(260, 'A03', 'A001', 'K4', 523),
(261, 'A03', 'A001', 'K5', 528),
(262, 'A03', 'A001', 'K6', 534),
(263, 'A18', 'A003', 'K1', 506),
(264, 'A18', 'A003', 'K2', 513),
(265, 'A18', 'A003', 'K3', 519),
(266, 'A18', 'A003', 'K4', 524),
(267, 'A18', 'A003', 'K5', 529),
(268, 'A18', 'A003', 'K6', 534),
(269, 'A19', 'A003', 'K1', 506),
(270, 'A19', 'A003', 'K2', 514),
(271, 'A19', 'A003', 'K3', 519),
(272, 'A19', 'A003', 'K4', 524),
(273, 'A19', 'A003', 'K5', 530),
(274, 'A19', 'A003', 'K6', 535),
(275, 'A21', 'A001', 'K1', 505),
(276, 'A21', 'A001', 'K2', 513),
(277, 'A21', 'A001', 'K3', 518),
(278, 'A21', 'A001', 'K4', 523),
(279, 'A21', 'A001', 'K5', 528),
(280, 'A21', 'A001', 'K6', 535),
(281, 'A20', 'A003', 'K1', 506),
(282, 'A20', 'A003', 'K2', 514),
(283, 'A20', 'A003', 'K3', 519),
(284, 'A20', 'A003', 'K4', 524),
(285, 'A20', 'A003', 'K5', 529),
(286, 'A20', 'A003', 'K6', 534),
(287, 'A21', 'A003', 'K1', 505),
(288, 'A21', 'A003', 'K2', 513),
(289, 'A21', 'A003', 'K3', 519),
(290, 'A21', 'A003', 'K4', 525),
(291, 'A21', 'A003', 'K5', 528),
(292, 'A21', 'A003', 'K6', 534),
(293, 'A05', 'A003', 'K1', 506),
(294, 'A05', 'A003', 'K2', 513),
(295, 'A05', 'A003', 'K3', 519),
(296, 'A05', 'A003', 'K4', 523),
(297, 'A05', 'A003', 'K5', 528),
(298, 'A05', 'A003', 'K6', 533),
(299, 'A06', 'A003', 'K1', 507),
(300, 'A06', 'A003', 'K2', 513),
(301, 'A06', 'A003', 'K3', 518),
(302, 'A06', 'A003', 'K4', 523),
(303, 'A06', 'A003', 'K5', 528),
(304, 'A06', 'A003', 'K6', 533),
(305, 'A02', 'A002', 'K1', 508),
(306, 'A02', 'A002', 'K2', 516),
(307, 'A02', 'A002', 'K3', 518),
(308, 'A02', 'A002', 'K4', 525),
(309, 'A02', 'A002', 'K5', 528),
(310, 'A02', 'A002', 'K6', 536),
(311, 'A03', 'A002', 'K1', 505),
(312, 'A03', 'A002', 'K2', 516),
(313, 'A03', 'A002', 'K3', 522),
(314, 'A03', 'A002', 'K4', 523),
(315, 'A03', 'A002', 'K5', 529),
(316, 'A03', 'A002', 'K6', 534),
(317, 'A05', 'A002', 'K1', 505),
(318, 'A05', 'A002', 'K2', 515),
(319, 'A05', 'A002', 'K3', 518),
(320, 'A05', 'A002', 'K4', 525),
(321, 'A05', 'A002', 'K5', 528),
(322, 'A05', 'A002', 'K6', 536),
(323, 'A06', 'A002', 'K1', 508),
(324, 'A06', 'A002', 'K2', 515),
(325, 'A06', 'A002', 'K3', 518),
(326, 'A06', 'A002', 'K4', 525),
(327, 'A06', 'A002', 'K5', 528),
(328, 'A06', 'A002', 'K6', 536),
(329, 'A07', 'A002', 'K1', 505),
(330, 'A07', 'A002', 'K2', 516),
(331, 'A07', 'A002', 'K3', 518),
(332, 'A07', 'A002', 'K4', 527),
(333, 'A07', 'A002', 'K5', 529),
(334, 'A07', 'A002', 'K6', 533),
(335, 'A08', 'A002', 'K1', 505),
(336, 'A08', 'A002', 'K2', 515),
(337, 'A08', 'A002', 'K3', 518),
(338, 'A08', 'A002', 'K4', 527),
(339, 'A08', 'A002', 'K5', 528),
(340, 'A08', 'A002', 'K6', 533),
(341, 'A09', 'A002', 'K1', 505),
(342, 'A09', 'A002', 'K2', 513),
(343, 'A09', 'A002', 'K3', 521),
(344, 'A09', 'A002', 'K4', 523),
(345, 'A09', 'A002', 'K5', 528),
(346, 'A09', 'A002', 'K6', 533),
(347, 'A10', 'A002', 'K1', 505),
(348, 'A10', 'A002', 'K2', 515),
(349, 'A10', 'A002', 'K3', 518),
(350, 'A10', 'A002', 'K4', 523),
(351, 'A10', 'A002', 'K5', 528),
(352, 'A10', 'A002', 'K6', 537),
(353, 'A11', 'A002', 'K1', 507),
(354, 'A11', 'A002', 'K2', 513),
(355, 'A11', 'A002', 'K3', 518),
(356, 'A11', 'A002', 'K4', 523),
(357, 'A11', 'A002', 'K5', 528),
(358, 'A11', 'A002', 'K6', 533),
(359, 'A12', 'A002', 'K1', 505),
(360, 'A12', 'A002', 'K2', 516),
(361, 'A12', 'A002', 'K3', 518),
(362, 'A12', 'A002', 'K4', 527),
(363, 'A12', 'A002', 'K5', 532),
(364, 'A12', 'A002', 'K6', 533),
(365, 'A13', 'A002', 'K1', 505),
(366, 'A13', 'A002', 'K2', 517),
(367, 'A13', 'A002', 'K3', 518),
(368, 'A13', 'A002', 'K4', 523),
(369, 'A13', 'A002', 'K5', 528),
(370, 'A13', 'A002', 'K6', 533),
(371, 'A14', 'A002', 'K1', 505),
(372, 'A14', 'A002', 'K2', 517),
(373, 'A14', 'A002', 'K3', 518),
(374, 'A14', 'A002', 'K4', 525),
(375, 'A14', 'A002', 'K5', 528),
(376, 'A14', 'A002', 'K6', 533),
(377, 'A15', 'A002', 'K1', 505),
(378, 'A15', 'A002', 'K2', 515),
(379, 'A15', 'A002', 'K3', 522),
(380, 'A15', 'A002', 'K4', 523),
(381, 'A15', 'A002', 'K5', 530),
(382, 'A15', 'A002', 'K6', 533),
(383, 'A16', 'A002', 'K1', 509),
(384, 'A16', 'A002', 'K2', 517),
(385, 'A16', 'A002', 'K3', 518),
(386, 'A16', 'A002', 'K4', 523),
(387, 'A16', 'A002', 'K5', 528),
(388, 'A16', 'A002', 'K6', 533),
(389, 'A17', 'A002', 'K1', 505),
(390, 'A17', 'A002', 'K2', 516),
(391, 'A17', 'A002', 'K3', 522),
(392, 'A17', 'A002', 'K4', 523),
(393, 'A17', 'A002', 'K5', 528),
(394, 'A17', 'A002', 'K6', 533),
(395, 'A18', 'A002', 'K1', 505),
(396, 'A18', 'A002', 'K2', 516),
(397, 'A18', 'A002', 'K3', 518),
(398, 'A18', 'A002', 'K4', 527),
(399, 'A18', 'A002', 'K5', 528),
(400, 'A18', 'A002', 'K6', 533),
(401, 'A19', 'A002', 'K1', 505),
(402, 'A19', 'A002', 'K2', 515),
(403, 'A19', 'A002', 'K3', 518),
(404, 'A19', 'A002', 'K4', 523),
(405, 'A19', 'A002', 'K5', 528),
(406, 'A19', 'A002', 'K6', 533),
(407, 'A20', 'A002', 'K1', 505),
(408, 'A20', 'A002', 'K2', 513),
(409, 'A20', 'A002', 'K3', 518),
(410, 'A20', 'A002', 'K4', 523),
(411, 'A20', 'A002', 'K5', 528),
(412, 'A20', 'A002', 'K6', 533),
(413, 'A21', 'A002', 'K1', 505),
(414, 'A21', 'A002', 'K2', 515),
(415, 'A21', 'A002', 'K3', 520),
(416, 'A21', 'A002', 'K4', 523),
(417, 'A21', 'A002', 'K5', 528),
(418, 'A21', 'A002', 'K6', 533),
(419, 'A01', 'A011', 'K1', 505),
(420, 'A01', 'A011', 'K2', 513),
(421, 'A01', 'A011', 'K3', 518),
(422, 'A01', 'A011', 'K4', 523),
(423, 'A01', 'A011', 'K5', 528),
(424, 'A01', 'A011', 'K6', 533),
(425, 'A01', 'A010', 'K1', 508),
(426, 'A01', 'A010', 'K2', 513),
(427, 'A01', 'A010', 'K3', 520),
(428, 'A01', 'A010', 'K4', 523),
(429, 'A01', 'A010', 'K5', 529),
(430, 'A01', 'A010', 'K6', 533),
(431, 'A02', 'A010', 'K1', 505),
(432, 'A02', 'A010', 'K2', 515),
(433, 'A02', 'A010', 'K3', 518),
(434, 'A02', 'A010', 'K4', 527),
(435, 'A02', 'A010', 'K5', 528),
(436, 'A02', 'A010', 'K6', 533),
(437, 'A03', 'A010', 'K1', 505),
(438, 'A03', 'A010', 'K2', 515),
(439, 'A03', 'A010', 'K3', 518),
(440, 'A03', 'A010', 'K4', 523),
(441, 'A03', 'A010', 'K5', 528),
(442, 'A03', 'A010', 'K6', 533),
(443, 'A04', 'A010', 'K1', 505),
(444, 'A04', 'A010', 'K2', 515),
(445, 'A04', 'A010', 'K3', 520),
(446, 'A04', 'A010', 'K4', 523),
(447, 'A04', 'A010', 'K5', 529),
(448, 'A04', 'A010', 'K6', 533),
(449, 'A05', 'A010', 'K1', 505),
(450, 'A05', 'A010', 'K2', 513),
(451, 'A05', 'A010', 'K3', 521),
(452, 'A05', 'A010', 'K4', 523),
(453, 'A05', 'A010', 'K5', 531),
(454, 'A05', 'A010', 'K6', 536),
(455, 'A06', 'A010', 'K1', 507),
(456, 'A06', 'A010', 'K2', 513),
(457, 'A06', 'A010', 'K3', 518),
(458, 'A06', 'A010', 'K4', 523),
(459, 'A06', 'A010', 'K5', 528),
(460, 'A06', 'A010', 'K6', 533),
(461, 'A07', 'A010', 'K1', 505),
(462, 'A07', 'A010', 'K2', 513),
(463, 'A07', 'A010', 'K3', 520),
(464, 'A07', 'A010', 'K4', 523),
(465, 'A07', 'A010', 'K5', 532),
(466, 'A07', 'A010', 'K6', 533),
(467, 'A08', 'A010', 'K1', 508),
(468, 'A08', 'A010', 'K2', 513),
(469, 'A08', 'A010', 'K3', 518),
(470, 'A08', 'A010', 'K4', 523),
(471, 'A08', 'A010', 'K5', 528),
(472, 'A08', 'A010', 'K6', 533),
(473, 'A09', 'A010', 'K1', 505),
(474, 'A09', 'A010', 'K2', 513),
(475, 'A09', 'A010', 'K3', 522),
(476, 'A09', 'A010', 'K4', 527),
(477, 'A09', 'A010', 'K5', 528),
(478, 'A09', 'A010', 'K6', 533),
(479, 'A10', 'A010', 'K1', 507),
(480, 'A10', 'A010', 'K2', 513),
(481, 'A10', 'A010', 'K3', 518),
(482, 'A10', 'A010', 'K4', 523),
(483, 'A10', 'A010', 'K5', 528),
(484, 'A10', 'A010', 'K6', 533),
(485, 'A11', 'A010', 'K1', 505),
(486, 'A11', 'A010', 'K2', 513),
(487, 'A11', 'A010', 'K3', 521),
(488, 'A11', 'A010', 'K4', 523),
(489, 'A11', 'A010', 'K5', 531),
(490, 'A11', 'A010', 'K6', 533),
(491, 'A12', 'A010', 'K1', 505),
(492, 'A12', 'A010', 'K2', 513),
(493, 'A12', 'A010', 'K3', 518),
(494, 'A12', 'A010', 'K4', 523),
(495, 'A12', 'A010', 'K5', 530),
(496, 'A12', 'A010', 'K6', 533),
(497, 'A13', 'A010', 'K1', 505),
(498, 'A13', 'A010', 'K2', 513),
(499, 'A13', 'A010', 'K3', 522),
(500, 'A13', 'A010', 'K4', 525),
(501, 'A13', 'A010', 'K5', 529),
(502, 'A13', 'A010', 'K6', 535),
(503, 'A14', 'A010', 'K1', 505),
(504, 'A14', 'A010', 'K2', 513),
(505, 'A14', 'A010', 'K3', 518),
(506, 'A14', 'A010', 'K4', 523),
(507, 'A14', 'A010', 'K5', 528),
(508, 'A14', 'A010', 'K6', 533),
(509, 'A15', 'A010', 'K1', 505),
(510, 'A15', 'A010', 'K2', 513),
(511, 'A15', 'A010', 'K3', 520),
(512, 'A15', 'A010', 'K4', 525),
(513, 'A15', 'A010', 'K5', 530),
(514, 'A15', 'A010', 'K6', 535),
(515, 'A16', 'A010', 'K1', 507),
(516, 'A16', 'A010', 'K2', 513),
(517, 'A16', 'A010', 'K3', 518),
(518, 'A16', 'A010', 'K4', 525),
(519, 'A16', 'A010', 'K5', 530),
(520, 'A16', 'A010', 'K6', 533),
(521, 'A17', 'A010', 'K1', 505),
(522, 'A17', 'A010', 'K2', 513),
(523, 'A17', 'A010', 'K3', 518),
(524, 'A17', 'A010', 'K4', 523),
(525, 'A17', 'A010', 'K5', 528),
(526, 'A17', 'A010', 'K6', 533),
(527, 'A18', 'A010', 'K1', 509),
(528, 'A18', 'A010', 'K2', 516),
(529, 'A18', 'A010', 'K3', 520),
(530, 'A18', 'A010', 'K4', 523),
(531, 'A18', 'A010', 'K5', 528),
(532, 'A18', 'A010', 'K6', 533),
(533, 'A19', 'A010', 'K1', 505),
(534, 'A19', 'A010', 'K2', 513),
(535, 'A19', 'A010', 'K3', 518),
(536, 'A19', 'A010', 'K4', 523),
(537, 'A19', 'A010', 'K5', 528),
(538, 'A19', 'A010', 'K6', 537),
(539, 'A20', 'A010', 'K1', 507),
(540, 'A20', 'A010', 'K2', 513),
(541, 'A20', 'A010', 'K3', 521),
(542, 'A20', 'A010', 'K4', 526),
(543, 'A20', 'A010', 'K5', 528),
(544, 'A20', 'A010', 'K6', 533),
(545, 'A21', 'A010', 'K1', 505),
(546, 'A21', 'A010', 'K2', 513),
(547, 'A21', 'A010', 'K3', 518),
(548, 'A21', 'A010', 'K4', 523),
(549, 'A21', 'A010', 'K5', 530),
(550, 'A21', 'A010', 'K6', 533),
(551, 'A01', 'A009', 'K1', 505),
(552, 'A01', 'A009', 'K2', 513),
(553, 'A01', 'A009', 'K3', 518),
(554, 'A01', 'A009', 'K4', 523),
(555, 'A01', 'A009', 'K5', 528),
(556, 'A01', 'A009', 'K6', 533),
(557, 'A02', 'A009', 'K1', 505),
(558, 'A02', 'A009', 'K2', 513),
(559, 'A02', 'A009', 'K3', 519),
(560, 'A02', 'A009', 'K4', 523),
(561, 'A02', 'A009', 'K5', 528),
(562, 'A02', 'A009', 'K6', 534),
(563, 'A03', 'A009', 'K1', 505),
(564, 'A03', 'A009', 'K2', 513),
(565, 'A03', 'A009', 'K3', 518),
(566, 'A03', 'A009', 'K4', 523),
(567, 'A03', 'A009', 'K5', 529),
(568, 'A03', 'A009', 'K6', 533),
(569, 'A04', 'A009', 'K1', 505),
(570, 'A04', 'A009', 'K2', 515),
(571, 'A04', 'A009', 'K3', 519),
(572, 'A04', 'A009', 'K4', 523),
(573, 'A04', 'A009', 'K5', 528),
(574, 'A04', 'A009', 'K6', 533),
(575, 'A12', 'A009', 'K1', 505),
(576, 'A12', 'A009', 'K2', 515),
(577, 'A12', 'A009', 'K3', 518),
(578, 'A12', 'A009', 'K4', 523),
(579, 'A12', 'A009', 'K5', 528),
(580, 'A12', 'A009', 'K6', 533),
(581, 'A05', 'A009', 'K1', 505),
(582, 'A05', 'A009', 'K2', 514),
(583, 'A05', 'A009', 'K3', 518),
(584, 'A05', 'A009', 'K4', 523),
(585, 'A05', 'A009', 'K5', 528),
(586, 'A05', 'A009', 'K6', 535),
(587, 'A06', 'A009', 'K1', 505),
(588, 'A06', 'A009', 'K2', 513),
(589, 'A06', 'A009', 'K3', 519),
(590, 'A06', 'A009', 'K4', 523),
(591, 'A06', 'A009', 'K5', 529),
(592, 'A06', 'A009', 'K6', 533),
(593, 'A07', 'A009', 'K1', 505),
(594, 'A07', 'A009', 'K2', 513),
(595, 'A07', 'A009', 'K3', 518),
(596, 'A07', 'A009', 'K4', 523),
(597, 'A07', 'A009', 'K5', 530),
(598, 'A07', 'A009', 'K6', 533),
(599, 'A08', 'A009', 'K1', 505),
(600, 'A08', 'A009', 'K2', 513),
(601, 'A08', 'A009', 'K3', 518),
(602, 'A08', 'A009', 'K4', 523),
(603, 'A08', 'A009', 'K5', 528),
(604, 'A08', 'A009', 'K6', 533),
(605, 'A09', 'A009', 'K1', 505),
(606, 'A09', 'A009', 'K2', 516),
(607, 'A09', 'A009', 'K3', 518),
(608, 'A09', 'A009', 'K4', 523),
(609, 'A09', 'A009', 'K5', 528),
(610, 'A09', 'A009', 'K6', 533),
(611, 'A10', 'A009', 'K1', 506),
(612, 'A10', 'A009', 'K2', 513),
(613, 'A10', 'A009', 'K3', 518),
(614, 'A10', 'A009', 'K4', 523),
(615, 'A10', 'A009', 'K5', 528),
(616, 'A10', 'A009', 'K6', 533),
(617, 'A11', 'A009', 'K1', 505),
(618, 'A11', 'A009', 'K2', 516),
(619, 'A11', 'A009', 'K3', 519),
(620, 'A11', 'A009', 'K4', 523),
(621, 'A11', 'A009', 'K5', 528),
(622, 'A11', 'A009', 'K6', 533),
(623, 'A13', 'A009', 'K1', 507),
(624, 'A13', 'A009', 'K2', 515),
(625, 'A13', 'A009', 'K3', 520),
(626, 'A13', 'A009', 'K4', 524),
(627, 'A13', 'A009', 'K5', 528),
(628, 'A13', 'A009', 'K6', 533),
(629, 'A14', 'A009', 'K1', 505),
(630, 'A14', 'A009', 'K2', 513),
(631, 'A14', 'A009', 'K3', 520),
(632, 'A14', 'A009', 'K4', 526),
(633, 'A14', 'A009', 'K5', 528),
(634, 'A14', 'A009', 'K6', 533),
(635, 'A15', 'A009', 'K1', 508),
(636, 'A15', 'A009', 'K2', 513),
(637, 'A15', 'A009', 'K3', 518),
(638, 'A15', 'A009', 'K4', 527),
(639, 'A15', 'A009', 'K5', 531),
(640, 'A15', 'A009', 'K6', 533),
(641, 'A16', 'A009', 'K1', 508),
(642, 'A16', 'A009', 'K2', 513),
(643, 'A16', 'A009', 'K3', 522),
(644, 'A16', 'A009', 'K4', 523),
(645, 'A16', 'A009', 'K5', 532),
(646, 'A16', 'A009', 'K6', 533),
(647, 'A17', 'A009', 'K1', 505),
(648, 'A17', 'A009', 'K2', 513),
(649, 'A17', 'A009', 'K3', 518),
(650, 'A17', 'A009', 'K4', 527),
(651, 'A17', 'A009', 'K5', 532),
(652, 'A17', 'A009', 'K6', 533),
(653, 'A18', 'A009', 'K1', 505),
(654, 'A18', 'A009', 'K2', 513),
(655, 'A18', 'A009', 'K3', 518),
(656, 'A18', 'A009', 'K4', 525),
(657, 'A18', 'A009', 'K5', 530),
(658, 'A18', 'A009', 'K6', 535),
(659, 'A19', 'A009', 'K1', 505),
(660, 'A19', 'A009', 'K2', 513),
(661, 'A19', 'A009', 'K3', 521),
(662, 'A19', 'A009', 'K4', 523),
(663, 'A19', 'A009', 'K5', 530),
(664, 'A19', 'A009', 'K6', 536),
(665, 'A20', 'A009', 'K1', 505),
(666, 'A20', 'A009', 'K2', 514),
(667, 'A20', 'A009', 'K3', 522),
(668, 'A20', 'A009', 'K4', 523),
(669, 'A20', 'A009', 'K5', 532),
(670, 'A20', 'A009', 'K6', 533),
(671, 'A21', 'A009', 'K1', 505),
(672, 'A21', 'A009', 'K2', 513),
(673, 'A21', 'A009', 'K3', 522),
(674, 'A21', 'A009', 'K4', 525),
(675, 'A21', 'A009', 'K5', 528),
(676, 'A21', 'A009', 'K6', 535),
(677, 'A01', 'A008', 'K1', 505),
(678, 'A01', 'A008', 'K2', 513),
(679, 'A01', 'A008', 'K3', 518),
(680, 'A01', 'A008', 'K4', 523),
(681, 'A01', 'A008', 'K5', 528),
(682, 'A01', 'A008', 'K6', 533),
(683, 'A02', 'A008', 'K1', 505),
(684, 'A02', 'A008', 'K2', 514),
(685, 'A02', 'A008', 'K3', 520),
(686, 'A02', 'A008', 'K4', 523),
(687, 'A02', 'A008', 'K5', 528),
(688, 'A02', 'A008', 'K6', 533),
(689, 'A03', 'A008', 'K1', 507),
(690, 'A03', 'A008', 'K2', 513),
(691, 'A03', 'A008', 'K3', 518),
(692, 'A03', 'A008', 'K4', 523),
(693, 'A03', 'A008', 'K5', 528),
(694, 'A03', 'A008', 'K6', 533),
(695, 'A04', 'A008', 'K1', 505),
(696, 'A04', 'A008', 'K2', 516),
(697, 'A04', 'A008', 'K3', 521),
(698, 'A04', 'A008', 'K4', 523),
(699, 'A04', 'A008', 'K5', 528),
(700, 'A04', 'A008', 'K6', 533),
(701, 'A05', 'A008', 'K1', 509),
(702, 'A05', 'A008', 'K2', 516),
(703, 'A05', 'A008', 'K3', 518),
(704, 'A05', 'A008', 'K4', 523),
(705, 'A05', 'A008', 'K5', 528),
(706, 'A05', 'A008', 'K6', 533),
(707, 'A06', 'A008', 'K1', 507),
(708, 'A06', 'A008', 'K2', 513),
(709, 'A06', 'A008', 'K3', 518),
(710, 'A06', 'A008', 'K4', 523),
(711, 'A06', 'A008', 'K5', 528),
(712, 'A06', 'A008', 'K6', 533),
(713, 'A07', 'A008', 'K1', 505),
(714, 'A07', 'A008', 'K2', 516),
(715, 'A07', 'A008', 'K3', 521),
(716, 'A07', 'A008', 'K4', 523),
(717, 'A07', 'A008', 'K5', 528),
(718, 'A07', 'A008', 'K6', 533),
(719, 'A08', 'A008', 'K1', 505),
(720, 'A08', 'A008', 'K2', 515),
(721, 'A08', 'A008', 'K3', 518),
(722, 'A08', 'A008', 'K4', 523),
(723, 'A08', 'A008', 'K5', 528),
(724, 'A08', 'A008', 'K6', 535),
(725, 'A09', 'A008', 'K1', 505),
(726, 'A09', 'A008', 'K2', 516),
(727, 'A09', 'A008', 'K3', 518),
(728, 'A09', 'A008', 'K4', 523),
(729, 'A09', 'A008', 'K5', 528),
(730, 'A09', 'A008', 'K6', 533),
(731, 'A10', 'A008', 'K1', 505),
(732, 'A10', 'A008', 'K2', 513),
(733, 'A10', 'A008', 'K3', 518),
(734, 'A10', 'A008', 'K4', 523),
(735, 'A10', 'A008', 'K5', 528),
(736, 'A10', 'A008', 'K6', 533),
(737, 'A11', 'A008', 'K1', 505),
(738, 'A11', 'A008', 'K2', 517),
(739, 'A11', 'A008', 'K3', 522),
(740, 'A11', 'A008', 'K4', 523),
(741, 'A11', 'A008', 'K5', 528),
(742, 'A11', 'A008', 'K6', 533),
(743, 'A12', 'A008', 'K1', 508),
(744, 'A12', 'A008', 'K2', 515),
(745, 'A12', 'A008', 'K3', 518),
(746, 'A12', 'A008', 'K4', 523),
(747, 'A12', 'A008', 'K5', 528),
(748, 'A12', 'A008', 'K6', 533),
(749, 'A13', 'A008', 'K1', 505),
(750, 'A13', 'A008', 'K2', 517),
(751, 'A13', 'A008', 'K3', 518),
(752, 'A13', 'A008', 'K4', 523),
(753, 'A13', 'A008', 'K5', 528),
(754, 'A13', 'A008', 'K6', 533),
(755, 'A14', 'A008', 'K1', 508),
(756, 'A14', 'A008', 'K2', 513),
(757, 'A14', 'A008', 'K3', 520),
(758, 'A14', 'A008', 'K4', 523),
(759, 'A14', 'A008', 'K5', 530),
(760, 'A14', 'A008', 'K6', 533),
(761, 'A15', 'A008', 'K1', 509),
(762, 'A15', 'A008', 'K2', 513),
(763, 'A15', 'A008', 'K3', 520),
(764, 'A15', 'A008', 'K4', 523),
(765, 'A15', 'A008', 'K5', 528),
(766, 'A15', 'A008', 'K6', 533),
(767, 'A16', 'A008', 'K1', 505),
(768, 'A16', 'A008', 'K2', 513),
(769, 'A16', 'A008', 'K3', 521),
(770, 'A16', 'A008', 'K4', 526),
(771, 'A16', 'A008', 'K5', 531),
(772, 'A16', 'A008', 'K6', 533),
(773, 'A17', 'A008', 'K1', 509),
(774, 'A17', 'A008', 'K2', 517),
(775, 'A17', 'A008', 'K3', 522),
(776, 'A17', 'A008', 'K4', 523),
(777, 'A17', 'A008', 'K5', 528),
(778, 'A17', 'A008', 'K6', 533),
(779, 'A18', 'A008', 'K1', 505),
(780, 'A18', 'A008', 'K2', 513),
(781, 'A18', 'A008', 'K3', 518),
(782, 'A18', 'A008', 'K4', 527),
(783, 'A18', 'A008', 'K5', 528),
(784, 'A18', 'A008', 'K6', 533),
(785, 'A19', 'A008', 'K1', 505),
(786, 'A19', 'A008', 'K2', 517),
(787, 'A19', 'A008', 'K3', 520),
(788, 'A19', 'A008', 'K4', 527),
(789, 'A19', 'A008', 'K5', 530),
(790, 'A19', 'A008', 'K6', 533),
(791, 'A20', 'A008', 'K1', 509),
(792, 'A20', 'A008', 'K2', 513),
(793, 'A20', 'A008', 'K3', 520),
(794, 'A20', 'A008', 'K4', 523),
(795, 'A20', 'A008', 'K5', 530),
(796, 'A20', 'A008', 'K6', 535),
(797, 'A21', 'A008', 'K1', 505),
(798, 'A21', 'A008', 'K2', 516),
(799, 'A21', 'A008', 'K3', 522),
(800, 'A21', 'A008', 'K4', 525),
(801, 'A21', 'A008', 'K5', 528),
(802, 'A21', 'A008', 'K6', 533),
(803, 'A07', 'A007', 'K1', 505),
(804, 'A07', 'A007', 'K2', 514),
(805, 'A07', 'A007', 'K3', 518),
(806, 'A07', 'A007', 'K4', 523),
(807, 'A07', 'A007', 'K5', 528),
(808, 'A07', 'A007', 'K6', 533),
(809, 'A02', 'A007', 'K1', 505),
(810, 'A02', 'A007', 'K2', 513),
(811, 'A02', 'A007', 'K3', 519),
(812, 'A02', 'A007', 'K4', 523),
(813, 'A02', 'A007', 'K5', 530),
(814, 'A02', 'A007', 'K6', 533),
(815, 'A03', 'A007', 'K1', 505),
(816, 'A03', 'A007', 'K2', 516),
(817, 'A03', 'A007', 'K3', 518),
(818, 'A03', 'A007', 'K4', 523),
(819, 'A03', 'A007', 'K5', 528),
(820, 'A03', 'A007', 'K6', 533),
(821, 'A04', 'A007', 'K1', 505),
(822, 'A04', 'A007', 'K2', 513),
(823, 'A04', 'A007', 'K3', 518),
(824, 'A04', 'A007', 'K4', 523),
(825, 'A04', 'A007', 'K5', 528),
(826, 'A04', 'A007', 'K6', 537),
(827, 'A05', 'A007', 'K1', 505),
(828, 'A05', 'A007', 'K2', 515),
(829, 'A05', 'A007', 'K3', 518),
(830, 'A05', 'A007', 'K4', 523),
(831, 'A05', 'A007', 'K5', 528),
(832, 'A05', 'A007', 'K6', 533),
(833, 'A06', 'A007', 'K1', 505),
(834, 'A06', 'A007', 'K2', 514),
(835, 'A06', 'A007', 'K3', 518),
(836, 'A06', 'A007', 'K4', 526),
(837, 'A06', 'A007', 'K5', 528),
(838, 'A06', 'A007', 'K6', 533),
(839, 'A08', 'A007', 'K1', 505),
(840, 'A08', 'A007', 'K2', 513),
(841, 'A08', 'A007', 'K3', 518),
(842, 'A08', 'A007', 'K4', 523),
(843, 'A08', 'A007', 'K5', 530),
(844, 'A08', 'A007', 'K6', 533),
(845, 'A09', 'A007', 'K1', 505),
(846, 'A09', 'A007', 'K2', 513),
(847, 'A09', 'A007', 'K3', 520),
(848, 'A09', 'A007', 'K4', 524),
(849, 'A09', 'A007', 'K5', 528),
(850, 'A09', 'A007', 'K6', 533),
(851, 'A10', 'A007', 'K1', 507),
(852, 'A10', 'A007', 'K2', 513),
(853, 'A10', 'A007', 'K3', 518),
(854, 'A10', 'A007', 'K4', 523),
(855, 'A10', 'A007', 'K5', 528),
(856, 'A10', 'A007', 'K6', 533),
(857, 'A11', 'A007', 'K1', 505),
(858, 'A11', 'A007', 'K2', 513),
(859, 'A11', 'A007', 'K3', 519),
(860, 'A11', 'A007', 'K4', 523),
(861, 'A11', 'A007', 'K5', 529),
(862, 'A11', 'A007', 'K6', 533),
(863, 'A12', 'A007', 'K1', 505),
(864, 'A12', 'A007', 'K2', 517),
(865, 'A12', 'A007', 'K3', 518),
(866, 'A12', 'A007', 'K4', 523),
(867, 'A12', 'A007', 'K5', 528),
(868, 'A12', 'A007', 'K6', 533),
(869, 'A13', 'A007', 'K1', 505),
(870, 'A13', 'A007', 'K2', 513),
(871, 'A13', 'A007', 'K3', 522),
(872, 'A13', 'A007', 'K4', 527),
(873, 'A13', 'A007', 'K5', 528),
(874, 'A13', 'A007', 'K6', 533),
(875, 'A14', 'A007', 'K1', 509),
(876, 'A14', 'A007', 'K2', 516),
(877, 'A14', 'A007', 'K3', 518),
(878, 'A14', 'A007', 'K4', 523),
(879, 'A14', 'A007', 'K5', 528),
(880, 'A14', 'A007', 'K6', 533),
(881, 'A15', 'A007', 'K1', 505),
(882, 'A15', 'A007', 'K2', 513),
(883, 'A15', 'A007', 'K3', 521),
(884, 'A15', 'A007', 'K4', 523),
(885, 'A15', 'A007', 'K5', 528),
(886, 'A15', 'A007', 'K6', 533),
(887, 'A16', 'A007', 'K1', 505),
(888, 'A16', 'A007', 'K2', 517),
(889, 'A16', 'A007', 'K3', 518),
(890, 'A16', 'A007', 'K4', 523),
(891, 'A16', 'A007', 'K5', 528),
(892, 'A16', 'A007', 'K6', 535),
(893, 'A17', 'A007', 'K1', 505),
(894, 'A17', 'A007', 'K2', 516),
(895, 'A17', 'A007', 'K3', 521),
(896, 'A17', 'A007', 'K4', 523),
(897, 'A17', 'A007', 'K5', 528),
(898, 'A17', 'A007', 'K6', 533),
(899, 'A18', 'A007', 'K1', 505),
(900, 'A18', 'A007', 'K2', 514),
(901, 'A18', 'A007', 'K3', 520),
(902, 'A18', 'A007', 'K4', 524),
(903, 'A18', 'A007', 'K5', 528),
(904, 'A18', 'A007', 'K6', 533),
(905, 'A19', 'A007', 'K1', 509),
(906, 'A19', 'A007', 'K2', 513),
(907, 'A19', 'A007', 'K3', 518),
(908, 'A19', 'A007', 'K4', 523),
(909, 'A19', 'A007', 'K5', 530),
(910, 'A19', 'A007', 'K6', 533),
(911, 'A20', 'A007', 'K1', 505),
(912, 'A20', 'A007', 'K2', 513),
(913, 'A20', 'A007', 'K3', 522),
(914, 'A20', 'A007', 'K4', 523),
(915, 'A20', 'A007', 'K5', 528),
(916, 'A20', 'A007', 'K6', 533),
(917, 'A21', 'A007', 'K1', 505),
(918, 'A21', 'A007', 'K2', 513),
(919, 'A21', 'A007', 'K3', 520),
(920, 'A21', 'A007', 'K4', 526),
(921, 'A21', 'A007', 'K5', 528),
(922, 'A21', 'A007', 'K6', 533),
(923, 'A01', 'A006', 'K1', 505),
(924, 'A01', 'A006', 'K2', 513),
(925, 'A01', 'A006', 'K3', 518),
(926, 'A01', 'A006', 'K4', 523),
(927, 'A01', 'A006', 'K5', 528),
(928, 'A01', 'A006', 'K6', 533),
(929, 'A02', 'A006', 'K1', 505),
(930, 'A02', 'A006', 'K2', 513),
(931, 'A02', 'A006', 'K3', 518),
(932, 'A02', 'A006', 'K4', 527),
(933, 'A02', 'A006', 'K5', 528),
(934, 'A02', 'A006', 'K6', 533),
(935, 'A03', 'A006', 'K1', 505),
(936, 'A03', 'A006', 'K2', 513),
(937, 'A03', 'A006', 'K3', 518),
(938, 'A03', 'A006', 'K4', 523),
(939, 'A03', 'A006', 'K5', 528),
(940, 'A03', 'A006', 'K6', 533),
(941, 'A04', 'A006', 'K1', 505),
(942, 'A04', 'A006', 'K2', 513),
(943, 'A04', 'A006', 'K3', 518),
(944, 'A04', 'A006', 'K4', 523),
(945, 'A04', 'A006', 'K5', 528),
(946, 'A04', 'A006', 'K6', 533),
(947, 'A05', 'A006', 'K1', 505),
(948, 'A05', 'A006', 'K2', 516),
(949, 'A05', 'A006', 'K3', 518),
(950, 'A05', 'A006', 'K4', 523),
(951, 'A05', 'A006', 'K5', 528),
(952, 'A05', 'A006', 'K6', 533),
(953, 'A06', 'A006', 'K1', 505),
(954, 'A06', 'A006', 'K2', 513),
(955, 'A06', 'A006', 'K3', 518),
(956, 'A06', 'A006', 'K4', 523),
(957, 'A06', 'A006', 'K5', 528),
(958, 'A06', 'A006', 'K6', 533),
(959, 'A07', 'A006', 'K1', 505),
(960, 'A07', 'A006', 'K2', 513),
(961, 'A07', 'A006', 'K3', 518),
(962, 'A07', 'A006', 'K4', 523),
(963, 'A07', 'A006', 'K5', 528),
(964, 'A07', 'A006', 'K6', 533),
(965, 'A08', 'A006', 'K1', 505),
(966, 'A08', 'A006', 'K2', 513),
(967, 'A08', 'A006', 'K3', 518),
(968, 'A08', 'A006', 'K4', 523),
(969, 'A08', 'A006', 'K5', 528),
(970, 'A08', 'A006', 'K6', 533),
(971, 'A09', 'A006', 'K1', 505),
(972, 'A09', 'A006', 'K2', 513),
(973, 'A09', 'A006', 'K3', 518),
(974, 'A09', 'A006', 'K4', 523),
(975, 'A09', 'A006', 'K5', 528),
(976, 'A09', 'A006', 'K6', 533),
(977, 'A10', 'A006', 'K1', 505),
(978, 'A10', 'A006', 'K2', 513),
(979, 'A10', 'A006', 'K3', 518),
(980, 'A10', 'A006', 'K4', 523),
(981, 'A10', 'A006', 'K5', 528),
(982, 'A10', 'A006', 'K6', 533),
(983, 'A11', 'A006', 'K1', 505),
(984, 'A11', 'A006', 'K2', 513),
(985, 'A11', 'A006', 'K3', 518),
(986, 'A11', 'A006', 'K4', 523),
(987, 'A11', 'A006', 'K5', 528),
(988, 'A11', 'A006', 'K6', 533),
(989, 'A12', 'A006', 'K1', 505),
(990, 'A12', 'A006', 'K2', 513),
(991, 'A12', 'A006', 'K3', 518),
(992, 'A12', 'A006', 'K4', 523),
(993, 'A12', 'A006', 'K5', 528),
(994, 'A12', 'A006', 'K6', 533),
(995, 'A13', 'A006', 'K1', 505),
(996, 'A13', 'A006', 'K2', 513),
(997, 'A13', 'A006', 'K3', 518),
(998, 'A13', 'A006', 'K4', 523),
(999, 'A13', 'A006', 'K5', 528),
(1000, 'A13', 'A006', 'K6', 533),
(1001, 'A14', 'A006', 'K1', 505),
(1002, 'A14', 'A006', 'K2', 513),
(1003, 'A14', 'A006', 'K3', 518),
(1004, 'A14', 'A006', 'K4', 523),
(1005, 'A14', 'A006', 'K5', 528),
(1006, 'A14', 'A006', 'K6', 533),
(1007, 'A15', 'A006', 'K1', 505),
(1008, 'A15', 'A006', 'K2', 513),
(1009, 'A15', 'A006', 'K3', 518),
(1010, 'A15', 'A006', 'K4', 523),
(1011, 'A15', 'A006', 'K5', 528),
(1012, 'A15', 'A006', 'K6', 533),
(1013, 'A16', 'A006', 'K1', 505),
(1014, 'A16', 'A006', 'K2', 513),
(1015, 'A16', 'A006', 'K3', 518),
(1016, 'A16', 'A006', 'K4', 523),
(1017, 'A16', 'A006', 'K5', 528),
(1018, 'A16', 'A006', 'K6', 533),
(1019, 'A17', 'A006', 'K1', 505),
(1020, 'A17', 'A006', 'K2', 513),
(1021, 'A17', 'A006', 'K3', 518),
(1022, 'A17', 'A006', 'K4', 523),
(1023, 'A17', 'A006', 'K5', 528),
(1024, 'A17', 'A006', 'K6', 533),
(1025, 'A18', 'A006', 'K1', 505),
(1026, 'A18', 'A006', 'K2', 513),
(1027, 'A18', 'A006', 'K3', 518),
(1028, 'A18', 'A006', 'K4', 523),
(1029, 'A18', 'A006', 'K5', 528),
(1030, 'A18', 'A006', 'K6', 533),
(1031, 'A19', 'A006', 'K1', 505),
(1032, 'A19', 'A006', 'K2', 513),
(1033, 'A19', 'A006', 'K3', 518),
(1034, 'A19', 'A006', 'K4', 523),
(1035, 'A19', 'A006', 'K5', 528),
(1036, 'A19', 'A006', 'K6', 533),
(1037, 'A20', 'A006', 'K1', 505),
(1038, 'A20', 'A006', 'K2', 513),
(1039, 'A20', 'A006', 'K3', 518),
(1040, 'A20', 'A006', 'K4', 523),
(1041, 'A20', 'A006', 'K5', 528),
(1042, 'A20', 'A006', 'K6', 533),
(1043, 'A21', 'A006', 'K1', 505),
(1044, 'A21', 'A006', 'K2', 513),
(1045, 'A21', 'A006', 'K3', 518),
(1046, 'A21', 'A006', 'K4', 523),
(1047, 'A21', 'A006', 'K5', 528),
(1048, 'A21', 'A006', 'K6', 533),
(1049, 'A01', 'A005', 'K1', 509),
(1050, 'A01', 'A005', 'K2', 513),
(1051, 'A01', 'A005', 'K3', 518),
(1052, 'A01', 'A005', 'K4', 523),
(1053, 'A01', 'A005', 'K5', 528),
(1054, 'A01', 'A005', 'K6', 533),
(1055, 'A08', 'A005', 'K1', 505),
(1056, 'A08', 'A005', 'K2', 513),
(1057, 'A08', 'A005', 'K3', 518),
(1058, 'A08', 'A005', 'K4', 523),
(1059, 'A08', 'A005', 'K5', 528),
(1060, 'A08', 'A005', 'K6', 533),
(1061, 'A02', 'A005', 'K1', 505),
(1062, 'A02', 'A005', 'K2', 513),
(1063, 'A02', 'A005', 'K3', 518),
(1064, 'A02', 'A005', 'K4', 527),
(1065, 'A02', 'A005', 'K5', 528),
(1066, 'A02', 'A005', 'K6', 534),
(1067, 'A03', 'A005', 'K1', 505),
(1068, 'A03', 'A005', 'K2', 515),
(1069, 'A03', 'A005', 'K3', 518),
(1070, 'A03', 'A005', 'K4', 523),
(1071, 'A03', 'A005', 'K5', 528),
(1072, 'A03', 'A005', 'K6', 533),
(1073, 'A04', 'A005', 'K1', 505),
(1074, 'A04', 'A005', 'K2', 513),
(1075, 'A04', 'A005', 'K3', 519),
(1076, 'A04', 'A005', 'K4', 524),
(1077, 'A04', 'A005', 'K5', 528),
(1078, 'A04', 'A005', 'K6', 533),
(1079, 'A05', 'A005', 'K1', 505),
(1080, 'A05', 'A005', 'K2', 513),
(1081, 'A05', 'A005', 'K3', 518),
(1082, 'A05', 'A005', 'K4', 523),
(1083, 'A05', 'A005', 'K5', 530),
(1084, 'A05', 'A005', 'K6', 533),
(1085, 'A06', 'A005', 'K1', 507),
(1086, 'A06', 'A005', 'K2', 513),
(1087, 'A06', 'A005', 'K3', 518),
(1088, 'A06', 'A005', 'K4', 523),
(1089, 'A06', 'A005', 'K5', 528),
(1090, 'A06', 'A005', 'K6', 533),
(1091, 'A07', 'A005', 'K1', 505),
(1092, 'A07', 'A005', 'K2', 513),
(1093, 'A07', 'A005', 'K3', 520),
(1094, 'A07', 'A005', 'K4', 523),
(1095, 'A07', 'A005', 'K5', 528),
(1096, 'A07', 'A005', 'K6', 533),
(1097, 'A09', 'A005', 'K1', 505),
(1098, 'A09', 'A005', 'K2', 513),
(1099, 'A09', 'A005', 'K3', 521),
(1100, 'A09', 'A005', 'K4', 525),
(1101, 'A09', 'A005', 'K5', 528),
(1102, 'A09', 'A005', 'K6', 533),
(1103, 'A10', 'A005', 'K1', 505),
(1104, 'A10', 'A005', 'K2', 513),
(1105, 'A10', 'A005', 'K3', 518),
(1106, 'A10', 'A005', 'K4', 527),
(1107, 'A10', 'A005', 'K5', 528),
(1108, 'A10', 'A005', 'K6', 537),
(1109, 'A11', 'A005', 'K1', 505),
(1110, 'A11', 'A005', 'K2', 515),
(1111, 'A11', 'A005', 'K3', 518),
(1112, 'A11', 'A005', 'K4', 523),
(1113, 'A11', 'A005', 'K5', 528),
(1114, 'A11', 'A005', 'K6', 533),
(1115, 'A12', 'A005', 'K1', 505),
(1116, 'A12', 'A005', 'K2', 513),
(1117, 'A12', 'A005', 'K3', 521),
(1118, 'A12', 'A005', 'K4', 523),
(1119, 'A12', 'A005', 'K5', 528),
(1120, 'A12', 'A005', 'K6', 533),
(1121, 'A13', 'A005', 'K1', 505),
(1122, 'A13', 'A005', 'K2', 517),
(1123, 'A13', 'A005', 'K3', 521),
(1124, 'A13', 'A005', 'K4', 523),
(1125, 'A13', 'A005', 'K5', 528),
(1126, 'A13', 'A005', 'K6', 533),
(1127, 'A14', 'A005', 'K1', 505),
(1128, 'A14', 'A005', 'K2', 513),
(1129, 'A14', 'A005', 'K3', 518),
(1130, 'A14', 'A005', 'K4', 523),
(1131, 'A14', 'A005', 'K5', 528),
(1132, 'A14', 'A005', 'K6', 533),
(1133, 'A15', 'A005', 'K1', 505),
(1134, 'A15', 'A005', 'K2', 513),
(1135, 'A15', 'A005', 'K3', 518),
(1136, 'A15', 'A005', 'K4', 523),
(1137, 'A15', 'A005', 'K5', 528),
(1138, 'A15', 'A005', 'K6', 533),
(1139, 'A16', 'A005', 'K1', 505),
(1140, 'A16', 'A005', 'K2', 513),
(1141, 'A16', 'A005', 'K3', 518),
(1142, 'A16', 'A005', 'K4', 523),
(1143, 'A16', 'A005', 'K5', 528),
(1144, 'A16', 'A005', 'K6', 533),
(1145, 'A17', 'A005', 'K1', 505),
(1146, 'A17', 'A005', 'K2', 513),
(1147, 'A17', 'A005', 'K3', 518),
(1148, 'A17', 'A005', 'K4', 527),
(1149, 'A17', 'A005', 'K5', 532),
(1150, 'A17', 'A005', 'K6', 533),
(1151, 'A18', 'A005', 'K1', 508),
(1152, 'A18', 'A005', 'K2', 515),
(1153, 'A18', 'A005', 'K3', 518),
(1154, 'A18', 'A005', 'K4', 523),
(1155, 'A18', 'A005', 'K5', 528),
(1156, 'A18', 'A005', 'K6', 533),
(1157, 'A19', 'A005', 'K1', 505),
(1158, 'A19', 'A005', 'K2', 513),
(1159, 'A19', 'A005', 'K3', 518),
(1160, 'A19', 'A005', 'K4', 523),
(1161, 'A19', 'A005', 'K5', 528),
(1162, 'A19', 'A005', 'K6', 533),
(1163, 'A20', 'A005', 'K1', 505),
(1164, 'A20', 'A005', 'K2', 513),
(1165, 'A20', 'A005', 'K3', 518),
(1166, 'A20', 'A005', 'K4', 526),
(1167, 'A20', 'A005', 'K5', 528),
(1168, 'A20', 'A005', 'K6', 533),
(1169, 'A21', 'A005', 'K1', 509),
(1170, 'A21', 'A005', 'K2', 513),
(1171, 'A21', 'A005', 'K3', 521),
(1172, 'A21', 'A005', 'K4', 525),
(1173, 'A21', 'A005', 'K5', 528),
(1174, 'A21', 'A005', 'K6', 533),
(1175, 'A01', 'A004', 'K1', 505),
(1176, 'A01', 'A004', 'K2', 513),
(1177, 'A01', 'A004', 'K3', 518),
(1178, 'A01', 'A004', 'K4', 523),
(1179, 'A01', 'A004', 'K5', 528),
(1180, 'A01', 'A004', 'K6', 533),
(1181, 'A02', 'A004', 'K1', 505),
(1182, 'A02', 'A004', 'K2', 513),
(1183, 'A02', 'A004', 'K3', 518),
(1184, 'A02', 'A004', 'K4', 523),
(1185, 'A02', 'A004', 'K5', 528),
(1186, 'A02', 'A004', 'K6', 533),
(1187, 'A03', 'A004', 'K1', 505),
(1188, 'A03', 'A004', 'K2', 513),
(1189, 'A03', 'A004', 'K3', 518),
(1190, 'A03', 'A004', 'K4', 523),
(1191, 'A03', 'A004', 'K5', 528),
(1192, 'A03', 'A004', 'K6', 533),
(1193, 'A04', 'A004', 'K1', 505),
(1194, 'A04', 'A004', 'K2', 513),
(1195, 'A04', 'A004', 'K3', 518),
(1196, 'A04', 'A004', 'K4', 523),
(1197, 'A04', 'A004', 'K5', 528),
(1198, 'A04', 'A004', 'K6', 533),
(1199, 'A05', 'A004', 'K1', 505),
(1200, 'A05', 'A004', 'K2', 513),
(1201, 'A05', 'A004', 'K3', 518),
(1202, 'A05', 'A004', 'K4', 523),
(1203, 'A05', 'A004', 'K5', 528),
(1204, 'A05', 'A004', 'K6', 533),
(1205, 'A06', 'A004', 'K1', 505),
(1206, 'A06', 'A004', 'K2', 513),
(1207, 'A06', 'A004', 'K3', 518),
(1208, 'A06', 'A004', 'K4', 523),
(1209, 'A06', 'A004', 'K5', 528),
(1210, 'A06', 'A004', 'K6', 533),
(1211, 'A07', 'A004', 'K1', 505),
(1212, 'A07', 'A004', 'K2', 513),
(1213, 'A07', 'A004', 'K3', 518),
(1214, 'A07', 'A004', 'K4', 523),
(1215, 'A07', 'A004', 'K5', 528),
(1216, 'A07', 'A004', 'K6', 533),
(1217, 'A08', 'A004', 'K1', 505),
(1218, 'A08', 'A004', 'K2', 513),
(1219, 'A08', 'A004', 'K3', 518),
(1220, 'A08', 'A004', 'K4', 523),
(1221, 'A08', 'A004', 'K5', 528),
(1222, 'A08', 'A004', 'K6', 533),
(1223, 'A09', 'A004', 'K1', 505),
(1224, 'A09', 'A004', 'K2', 513),
(1225, 'A09', 'A004', 'K3', 518),
(1226, 'A09', 'A004', 'K4', 523),
(1227, 'A09', 'A004', 'K5', 528),
(1228, 'A09', 'A004', 'K6', 533),
(1229, 'A10', 'A004', 'K1', 505),
(1230, 'A10', 'A004', 'K2', 513),
(1231, 'A10', 'A004', 'K3', 518),
(1232, 'A10', 'A004', 'K4', 523),
(1233, 'A10', 'A004', 'K5', 528),
(1234, 'A10', 'A004', 'K6', 533),
(1235, 'A11', 'A004', 'K1', 505),
(1236, 'A11', 'A004', 'K2', 513),
(1237, 'A11', 'A004', 'K3', 518),
(1238, 'A11', 'A004', 'K4', 523),
(1239, 'A11', 'A004', 'K5', 528),
(1240, 'A11', 'A004', 'K6', 533),
(1241, 'A12', 'A004', 'K1', 505),
(1242, 'A12', 'A004', 'K2', 513),
(1243, 'A12', 'A004', 'K3', 518),
(1244, 'A12', 'A004', 'K4', 523),
(1245, 'A12', 'A004', 'K5', 528),
(1246, 'A12', 'A004', 'K6', 533),
(1247, 'A13', 'A004', 'K1', 505),
(1248, 'A13', 'A004', 'K2', 513),
(1249, 'A13', 'A004', 'K3', 518),
(1250, 'A13', 'A004', 'K4', 523),
(1251, 'A13', 'A004', 'K5', 528),
(1252, 'A13', 'A004', 'K6', 533),
(1253, 'A14', 'A004', 'K1', 505),
(1254, 'A14', 'A004', 'K2', 513),
(1255, 'A14', 'A004', 'K3', 518),
(1256, 'A14', 'A004', 'K4', 523),
(1257, 'A14', 'A004', 'K5', 528),
(1258, 'A14', 'A004', 'K6', 533),
(1259, 'A15', 'A004', 'K1', 505),
(1260, 'A15', 'A004', 'K2', 513),
(1261, 'A15', 'A004', 'K3', 518),
(1262, 'A15', 'A004', 'K4', 523),
(1263, 'A15', 'A004', 'K5', 528),
(1264, 'A15', 'A004', 'K6', 533),
(1265, 'A16', 'A004', 'K1', 505),
(1266, 'A16', 'A004', 'K2', 513),
(1267, 'A16', 'A004', 'K3', 518),
(1268, 'A16', 'A004', 'K4', 523),
(1269, 'A16', 'A004', 'K5', 528),
(1270, 'A16', 'A004', 'K6', 533),
(1271, 'A17', 'A004', 'K1', 505),
(1272, 'A17', 'A004', 'K2', 513),
(1273, 'A17', 'A004', 'K3', 518),
(1274, 'A17', 'A004', 'K4', 523),
(1275, 'A17', 'A004', 'K5', 528),
(1276, 'A17', 'A004', 'K6', 533),
(1277, 'A18', 'A004', 'K1', 505),
(1278, 'A18', 'A004', 'K2', 513),
(1279, 'A18', 'A004', 'K3', 518),
(1280, 'A18', 'A004', 'K4', 523),
(1281, 'A18', 'A004', 'K5', 528),
(1282, 'A18', 'A004', 'K6', 533),
(1283, 'A19', 'A004', 'K1', 505),
(1284, 'A19', 'A004', 'K2', 513),
(1285, 'A19', 'A004', 'K3', 518),
(1286, 'A19', 'A004', 'K4', 523),
(1287, 'A19', 'A004', 'K5', 528),
(1288, 'A19', 'A004', 'K6', 533),
(1289, 'A20', 'A004', 'K1', 505),
(1290, 'A20', 'A004', 'K2', 513),
(1291, 'A20', 'A004', 'K3', 518),
(1292, 'A20', 'A004', 'K4', 523),
(1293, 'A20', 'A004', 'K5', 528),
(1294, 'A20', 'A004', 'K6', 533),
(1295, 'A21', 'A004', 'K1', 505),
(1296, 'A21', 'A004', 'K2', 513),
(1297, 'A21', 'A004', 'K3', 518),
(1298, 'A21', 'A004', 'K4', 523),
(1299, 'A21', 'A004', 'K5', 528),
(1300, 'A21', 'A004', 'K6', 533);

-- --------------------------------------------------------

--
-- Table structure for table `tb_responden`
--

CREATE TABLE `tb_responden` (
  `kode_responden` varchar(16) NOT NULL,
  `nama_responden` varchar(255) DEFAULT NULL,
  `alamat` varchar(255) DEFAULT NULL,
  `telpon` varchar(16) DEFAULT NULL,
  `user` varchar(16) DEFAULT NULL,
  `pass` varchar(16) DEFAULT NULL
) ENGINE=InnoDB DEFAULT CHARSET=latin1;

--
-- Dumping data for table `tb_responden`
--

INSERT INTO `tb_responden` (`kode_responden`, `nama_responden`, `alamat`, `telpon`, `user`, `pass`) VALUES
('A001', 'Abdi Pangestu', 'RPL X 1', '08', 'Abdi', '22,324'),
('A002', 'Alda Jhonanda', 'RPL X 1', '08', 'Alda', '22,325'),
('A003', 'Arjuna', 'RPL X I', '08', 'Arjuna', '22,326'),
('A004', 'Citra Aulia Lestari', 'RPL X I', '08', 'Citra', '22,327'),
('A005', 'Darma Rahmadani Hasibuan', 'RPL X I', '08', 'Darma', '22,328'),
('A006', 'Dinda Aprilya', 'RPL X I', '08', 'Dinda', '22,329'),
('A007', 'Elpin Siyahputra', 'RPL X I', '08', 'Alpin', '22,331'),
('A008', 'FAHRI SAPUTRA', 'RPL X I', '08', 'Fahri', '22,332'),
('A009', 'FARIDA SIMARGOLANG', 'RPL X I', '08', 'Farida', '22,333'),
('A010', 'KIYEN PRATAMA', 'RPL X I', '08', 'Kiyen', '22,335');

-- --------------------------------------------------------

--
-- Table structure for table `tb_user`
--

CREATE TABLE `tb_user` (
  `user` varchar(16) DEFAULT NULL,
  `pass` varchar(16) DEFAULT NULL,
  `level` varchar(16) DEFAULT NULL
) ENGINE=InnoDB DEFAULT CHARSET=latin1;

--
-- Dumping data for table `tb_user`
--

INSERT INTO `tb_user` (`user`, `pass`, `level`) VALUES
('admin', 'admin', 'admin'),
('manager', 'manager', 'manager'),
('TU', '123456', 'admin');

--
-- Indexes for dumped tables
--

--
-- Indexes for table `tb_alternatif`
--
ALTER TABLE `tb_alternatif`
  ADD PRIMARY KEY (`kode_alternatif`);

--
-- Indexes for table `tb_crips`
--
ALTER TABLE `tb_crips`
  ADD PRIMARY KEY (`kode_crips`);

--
-- Indexes for table `tb_kriteria`
--
ALTER TABLE `tb_kriteria`
  ADD PRIMARY KEY (`kode_kriteria`);

--
-- Indexes for table `tb_nilai`
--
ALTER TABLE `tb_nilai`
  ADD PRIMARY KEY (`ID`);

--
-- Indexes for table `tb_responden`
--
ALTER TABLE `tb_responden`
  ADD PRIMARY KEY (`kode_responden`);

--
-- AUTO_INCREMENT for dumped tables
--

--
-- AUTO_INCREMENT for table `tb_crips`
--
ALTER TABLE `tb_crips`
  MODIFY `kode_crips` int(11) NOT NULL AUTO_INCREMENT, AUTO_INCREMENT=538;

--
-- AUTO_INCREMENT for table `tb_nilai`
--
ALTER TABLE `tb_nilai`
  MODIFY `ID` int(11) NOT NULL AUTO_INCREMENT, AUTO_INCREMENT=1301;
COMMIT;

/*!40101 SET CHARACTER_SET_CLIENT=@OLD_CHARACTER_SET_CLIENT */;
/*!40101 SET CHARACTER_SET_RESULTS=@OLD_CHARACTER_SET_RESULTS */;
/*!40101 SET COLLATION_CONNECTION=@OLD_COLLATION_CONNECTION */;
